{"cameraMode":{"drawMode":0,"name":"Shaded","section":"Shading Mode"},"sceneLighting":true,"audioPlay":false,"sceneViewState":{"showFog":true,"showMaterialUpdate":true,"showSkybox":true,"showFlares":true,"showImageEffects":true,"showParticleSystems":true},"in2DMode":false,"pivot":{"x":-92.2334976196289,"y":-20.567867279052736,"z":69.23089599609375},"rotation":{"x":-0.13509014248847962,"y":0.5526787042617798,"z":-0.09135274589061737,"w":-0.8172879219055176},"size":118.1654052734375,"orthographic":false}