{"cameraMode":{"drawMode":0,"name":"Shaded","section":"Shading Mode"},"sceneLighting":true,"audioPlay":false,"sceneViewState":{"showFog":true,"showMaterialUpdate":true,"showSkybox":true,"showFlares":true,"showImageEffects":true,"showParticleSystems":true},"in2DMode":false,"pivot":{"x":7.142048358917236,"y":6.970192909240723,"z":-8.189611434936524},"rotation":{"x":-0.21218767762184144,"y":0.174133762717247,"z":-0.03924257680773735,"w":-0.9607917666435242},"size":0.8660253882408142,"orthographic":false}