{"cameraMode":{"drawMode":0,"name":"Shaded","section":"Shading Mode"},"sceneLighting":true,"audioPlay":false,"sceneViewState":{"showFog":true,"showMaterialUpdate":false,"showSkybox":true,"showFlares":true,"showImageEffects":true,"showParticleSystems":true},"in2DMode":false,"pivot":{"x":-37.99061584472656,"y":0.40972447395324709,"z":-14.682223320007325},"rotation":{"x":0.007548401597887278,"y":-0.8376319408416748,"z":0.011563782580196858,"w":0.5461462140083313},"size":22.0,"orthographic":false}