{"cameraMode":{"drawMode":0,"name":"Shaded","section":"Shading Mode"},"sceneLighting":true,"audioPlay":false,"sceneViewState":{"showFog":true,"showMaterialUpdate":true,"showSkybox":true,"showFlares":true,"showImageEffects":true,"showParticleSystems":true},"in2DMode":false,"pivot":{"x":11.09328842163086,"y":19.429033279418947,"z":-14.143350601196289},"rotation":{"x":0.26361334323883059,"y":-0.33117300271987917,"z":0.09776023775339127,"w":0.9007224440574646},"size":0.8660253882408142,"orthographic":false}