{"cameraMode":{"drawMode":0,"name":"Shaded","section":"Shading Mode"},"sceneLighting":true,"audioPlay":false,"sceneViewState":{"showFog":true,"showMaterialUpdate":true,"showSkybox":true,"showFlares":true,"showImageEffects":true,"showParticleSystems":true},"in2DMode":false,"pivot":{"x":3.4037489891052248,"y":19.013240814208986,"z":-21.370067596435548},"rotation":{"x":0.15068481862545014,"y":0.060501109808683398,"z":-0.008561288006603718,"w":0.9867536425590515},"size":0.8660253882408142,"orthographic":false}