{"cameraMode":{"drawMode":0,"name":"Shaded","section":"Shading Mode"},"sceneLighting":true,"audioPlay":false,"sceneViewState":{"showFog":true,"showMaterialUpdate":true,"showSkybox":true,"showFlares":true,"showImageEffects":true,"showParticleSystems":true},"in2DMode":false,"pivot":{"x":40.76101303100586,"y":-44.51544952392578,"z":-47.364227294921878},"rotation":{"x":-0.07973550260066986,"y":-0.9201897382736206,"z":0.27891504764556887,"w":-0.2629963755607605},"size":45.60197448730469,"orthographic":false}