{"cameraMode":{"drawMode":0,"name":"Shaded","section":"Shading Mode"},"sceneLighting":true,"audioPlay":false,"sceneViewState":{"showFog":true,"showMaterialUpdate":true,"showSkybox":true,"showFlares":true,"showImageEffects":true,"showParticleSystems":true},"in2DMode":false,"pivot":{"x":3.4153389930725099,"y":20.393869400024415,"z":3.7948501110076906},"rotation":{"x":0.37843549251556399,"y":0.6141746044158936,"z":0.5466224551200867,"w":-0.4254109263420105},"size":10.0,"orthographic":false}