{"cameraMode":{"drawMode":0,"name":"Shaded","section":"Shading Mode"},"sceneLighting":true,"audioPlay":false,"sceneViewState":{"showFog":true,"showMaterialUpdate":true,"showSkybox":true,"showFlares":true,"showImageEffects":true,"showParticleSystems":true},"in2DMode":false,"pivot":{"x":-9.26547622680664,"y":4.597078800201416,"z":12.77761459350586},"rotation":{"x":-0.18608514964580537,"y":-0.14618843793869019,"z":0.028010720387101175,"w":-0.9711960554122925},"size":10.0,"orthographic":false}