{"cameraMode":{"drawMode":0,"name":"Shaded","section":"Shading Mode"},"sceneLighting":false,"audioPlay":false,"sceneViewState":{"showFog":true,"showMaterialUpdate":true,"showSkybox":true,"showFlares":true,"showImageEffects":true,"showParticleSystems":true},"in2DMode":false,"pivot":{"x":8.34929084777832,"y":1.9628174304962159,"z":-0.717915952205658},"rotation":{"x":0.08066993206739426,"y":0.8944911360740662,"z":-0.1797429472208023,"w":0.40138643980026247},"size":6.4031243324279789,"orthographic":false}