{"cameraMode":{"drawMode":0,"name":"Shaded","section":"Shading Mode"},"sceneLighting":false,"audioPlay":false,"sceneViewState":{"showFog":true,"showMaterialUpdate":true,"showSkybox":true,"showFlares":true,"showImageEffects":true,"showParticleSystems":true},"in2DMode":false,"pivot":{"x":2.565140724182129,"y":0.7022781372070313,"z":5.835575103759766},"rotation":{"x":0.17525894939899445,"y":-0.7297236323356628,"z":0.20338590443134309,"w":0.628861129283905},"size":6.4031243324279789,"orthographic":false}