{"cameraMode":{"drawMode":0,"name":"Shaded","section":"Shading Mode"},"sceneLighting":true,"audioPlay":false,"sceneViewState":{"showFog":true,"showMaterialUpdate":true,"showSkybox":true,"showFlares":true,"showImageEffects":true,"showParticleSystems":true},"in2DMode":false,"pivot":{"x":4.0686116218566898,"y":12.643982887268067,"z":-472.3567810058594},"rotation":{"x":-0.16666960716247559,"y":0.2985718250274658,"z":-0.05303933843970299,"w":-0.9382238984107971},"size":28.284273147583009,"orthographic":false}