{"cameraMode":{"drawMode":0,"name":"Shaded","section":"Shading Mode"},"sceneLighting":false,"audioPlay":false,"sceneViewState":{"showFog":true,"showMaterialUpdate":true,"showSkybox":true,"showFlares":true,"showImageEffects":true,"showParticleSystems":true},"in2DMode":false,"pivot":{"x":42.58391189575195,"y":-19.389644622802736,"z":52.82958984375},"rotation":{"x":-0.17891967296600343,"y":-0.34523850679397585,"z":0.06721560657024384,"w":-0.9188624024391174},"size":36.667606353759769,"orthographic":false}