{"cameraMode":{"drawMode":0,"name":"Shaded","section":"Shading Mode"},"sceneLighting":true,"audioPlay":false,"sceneViewState":{"showFog":true,"showMaterialUpdate":true,"showSkybox":true,"showFlares":true,"showImageEffects":true,"showParticleSystems":true},"in2DMode":false,"pivot":{"x":-10.622051239013672,"y":10.201638221740723,"z":5.0164899826049809},"rotation":{"x":0.16704504191875459,"y":-0.707383930683136,"z":0.17921330034732819,"w":0.663105309009552},"size":0.8660253882408142,"orthographic":false}