{"cameraMode":{"drawMode":0,"name":"Shaded","section":"Shading Mode"},"sceneLighting":true,"audioPlay":false,"sceneViewState":{"showFog":true,"showMaterialUpdate":true,"showSkybox":true,"showFlares":true,"showImageEffects":true,"showParticleSystems":true},"in2DMode":false,"pivot":{"x":2.3034214973449709,"y":12.974261283874512,"z":-1.2891894578933716},"rotation":{"x":-0.22933363914489747,"y":-0.2794053852558136,"z":0.06890606880187988,"w":-0.9298425912857056},"size":0.27715837955474856,"orthographic":false}